[
   {
    "id": 0,
    "title": "Yellow Submarine",
    "artist": "The Beatles",
    "description": "Yellow Submarine is the tenth studio album by English rock band the Beatles, released on 13 January 1969 in the United States and on 17 January 1969 in the United Kingdom.",
    "year": 1969,
    "image": "https://upload.wikimedia.org/wikipedia/en/thumb/a/ac/TheBeatles-YellowSubmarinealbumcover.jpg/220px-TheBeatles-YellowSubmarinealbumcover.jpg"
   },
   {
    "id": 1,
    "title": "Abbey Road",
    "artist": "The Beatles",
    "description": "Abbey Road is the eleventh studio album by the English rock band the Beatles, released on 26 September 1969.",
    "image": "https://upload.wikimedia.org/wikipedia/en/thumb/4/42/Beatles_-_Abbey_Road.jpg/220px-Beatles_-_Abbey_Road.jpg"
   },
  {
    "artistId": 2,
    "title": "Let It Be",
    "artist": "The Beatles",
    "description": "Let It Be is the twelfth and final studio album by the English rock band the Beatles. It was released on 8 May 1970, almost a month after the group's break-up.",
    "year": 1970,
    "image": "https://upload.wikimedia.org/wikipedia/en/thumb/2/25/LetItBe.jpg/220px-LetItBe.jpg"
  }
]